accuracy,precision,recall,f1_score,dataset,execution_time
0.7086247086247086,0.7654069311588522,0.8121464226289518,0.7880842819084524,apcd_permissions_limpo.csv,00:05:23
