accuracy,precision,recall,f1_score,dataset,execution_time
0.7828371278458844,0.29411764705882354,0.042735042735042736,0.07462686567164178,motodroid_intents.csv,00:00:54
