accuracy,precision,recall,f1_score,dataset,execution_time
0.7085137085137085,0.7636335306949206,0.8154742096505824,0.7887029288702929,apcd_permissions_limpo.csv,00:05:26
