accuracy,precision,recall,f1_score,dataset,execution_time
0.9882526157508928,0.9640287769784173,0.9222022740873729,0.9426517816179844,androcrawl_limpo.csv,00:32:38
