accuracy,precision,recall,f1_score,dataset,execution_time
0.7087357087357087,0.7646139418568303,0.8139767054908486,0.7885235332043843,apcd_permissions_limpo.csv,00:04:52
