accuracy,precision,recall,f1_score,dataset,execution_time
0.7078477078477079,0.7642365456821026,0.8128119800332779,0.7877761651346558,apcd_permissions_limpo.csv,00:05:18
