accuracy,precision,recall,f1_score,dataset,execution_time
0.9882526157508928,0.964610084559975,0.9216038300418911,0.9426166794185158,androcrawl_limpo.csv,00:30:27
