accuracy,precision,recall,f1_score,dataset,execution_time
0.988315268466888,0.963182527301092,0.9236983842010772,0.9430273407667634,androcrawl_limpo.csv,00:31:17
