accuracy,precision,recall,f1_score,dataset,execution_time
0.7810858143607706,0.35714285714285715,0.08547008547008547,0.13793103448275865,motodroid_intents.csv,00:00:56
