accuracy,precision,recall,f1_score,dataset,execution_time
0.9578464106844741,0.9704459967759269,0.9751619870410367,0.9727982763264207,drebin215_limpo.csv,00:02:26
