accuracy,precision,recall,f1_score,dataset,execution_time
0.7076257076257076,0.765659427132515,0.8094841930116472,0.7869621481721126,apcd_permissions_limpo.csv,00:05:17
