accuracy,precision,recall,f1_score,dataset,execution_time
0.7828371278458844,0.26666666666666666,0.03418803418803419,0.060606060606060615,motodroid_intents.csv,00:00:55
