accuracy,precision,recall,f1_score,dataset,execution_time
0.9882526157508928,0.9684243763814335,0.9177139437462597,0.9423874635120603,androcrawl_limpo.csv,00:31:01
