accuracy,precision,recall,f1_score,dataset,execution_time
0.9884405738988785,0.9652582159624413,0.9228007181328546,0.9435520881138137,androcrawl_limpo.csv,00:30:40
