accuracy,precision,recall,f1_score,dataset,execution_time
0.9583404182962081,0.6111111111111112,0.08695652173913043,0.1522491349480969,motodroid_api_calls.csv,00:18:14
