accuracy,precision,recall,f1_score,dataset,execution_time
0.9885345529728714,0.9676304211187932,0.9213046080191503,0.9438994481912937,androcrawl_limpo.csv,00:33:46
