accuracy,precision,recall,f1_score,dataset,execution_time
0.9877513940229309,0.9638478465891229,0.9174147217235189,0.9400582554039553,androcrawl_limpo.csv,00:33:17
