accuracy,precision,recall,f1_score,dataset,execution_time
0.9603505843071787,0.9577905158936947,0.9924406047516199,0.9748077433041633,drebin215_limpo.csv,00:02:29
