accuracy,precision,recall,f1_score,dataset,execution_time
0.7091797091797092,0.7636080870917574,0.8169717138103162,0.7893890675241158,apcd_permissions_limpo.csv,00:04:41
