accuracy,precision,recall,f1_score,dataset,execution_time
0.9590984974958264,0.9709989258861439,0.9762419006479481,0.9736133548734518,drebin215_limpo.csv,00:02:28
