accuracy,precision,recall,f1_score,dataset,execution_time
0.7090687090687091,0.7646415742620647,0.8146422628951747,0.7888503987754774,apcd_permissions_limpo.csv,00:05:04
