accuracy,precision,recall,f1_score,dataset,execution_time
0.9884719002568761,0.9661442006269593,0.9222022740873729,0.943661971830986,androcrawl_limpo.csv,00:31:38
