accuracy,precision,recall,f1_score,dataset,execution_time
0.9583404182962081,0.6052631578947368,0.09090909090909091,0.15807560137457044,motodroid_api_calls.csv,00:17:31
