accuracy,precision,recall,f1_score,dataset,execution_time
0.9607679465776294,0.9592476489028213,0.9913606911447084,0.9750398300584174,drebin215_limpo.csv,00:02:25
