accuracy,precision,recall,f1_score,dataset,execution_time
0.9590984974958264,0.9694860813704497,0.9778617710583153,0.9736559139784946,drebin215_limpo.csv,00:02:25
