accuracy,precision,recall,f1_score,dataset,execution_time
0.7094017094017094,0.7647517951920075,0.8151414309484193,0.7891430412371134,apcd_permissions_limpo.csv,00:05:16
