accuracy,precision,recall,f1_score,dataset,execution_time
0.958000340078218,0.5833333333333334,0.08300395256916997,0.1453287197231834,motodroid_api_calls.csv,00:18:17
