accuracy,precision,recall,f1_score,dataset,execution_time
0.957830300969223,0.5675675675675675,0.08300395256916997,0.14482758620689656,motodroid_api_calls.csv,00:21:36
