accuracy,precision,recall,f1_score,dataset,execution_time
0.9884092475408809,0.9655388471177945,0.9222022740873729,0.943373125191307,androcrawl_limpo.csv,00:31:53
