accuracy,precision,recall,f1_score,dataset,execution_time
0.9576602618602279,0.5588235294117647,0.07509881422924901,0.13240418118466898,motodroid_api_calls.csv,00:21:03
