accuracy,precision,recall,f1_score,dataset,execution_time
0.7096237096237096,0.7646600124766063,0.8158069883527455,0.7894058927708903,apcd_permissions_limpo.csv,00:04:52
