accuracy,precision,recall,f1_score,dataset,execution_time
0.8698876404494382,0.5306122448979592,0.30333333333333334,0.3860021208907741,motodroid_permissions.csv,00:15:11
