accuracy,precision,recall,f1_score,dataset,execution_time
0.7087357087357087,0.76453125,0.8141430948419301,0.7885576148267527,apcd_permissions_limpo.csv,00:05:27
