accuracy,precision,recall,f1_score,dataset,execution_time
0.9603505843071787,0.9601885804085909,0.9897408207343412,0.9747407604360542,drebin215_limpo.csv,00:02:25
