accuracy,precision,recall,f1_score,dataset,execution_time
0.9574290484140233,0.9699248120300752,0.9751619870410367,0.9725363489499192,drebin215_limpo.csv,00:02:23
