accuracy,precision,recall,f1_score,dataset,execution_time
0.708069708069708,0.7659741894869374,0.8098169717138103,0.7872856680685864,apcd_permissions_limpo.csv,00:05:33
