accuracy,precision,recall,f1_score,dataset,execution_time
0.9866989117291415,0.9890990702148125,0.9897337183188963,0.9894162924951893,drebin215_limpo.csv,00:00:12
