accuracy,precision,recall,f1_score,dataset,execution_time
0.7142857142857143,0.7639016897081413,0.8274542429284526,0.794408945686901,apcd_permissions_limpo.csv,00:02:16
