accuracy,precision,recall,f1_score,dataset,execution_time
0.962277626282301,0.7492917847025495,0.5669882100750268,0.6455155582672361,motodroid_api_calls.csv,02:55:51
