accuracy,precision,recall,f1_score,dataset,execution_time
0.9822652156388553,0.9852611342518424,0.9865255052935515,0.9858929143956396,drebin215_limpo.csv,00:08:15
