accuracy,precision,recall,f1_score,dataset,execution_time
0.9832728738411931,0.986529826812059,0.986846326596086,0.9866880513231757,drebin215_limpo.csv,00:01:37
