accuracy,precision,recall,f1_score,dataset,execution_time
0.9828698105602579,0.9862091084028223,0.9865255052935515,0.9863672814755413,drebin215_limpo.csv,00:05:34
