accuracy,precision,recall,f1_score,dataset,execution_time
0.9877513940229309,0.9480716671727908,0.9341711549970078,0.9410700828937452,androcrawl_limpo.csv,00:16:49
