accuracy,precision,recall,f1_score,dataset,execution_time
0.9836759371221282,0.9852941176470589,0.9887712544112929,0.9870296236989593,drebin215_limpo.csv,00:04:08
