accuracy,precision,recall,f1_score,dataset,execution_time
0.9865296660610238,0.9404113732607381,0.9302812687013764,0.9353188929001204,androcrawl_limpo.csv,00:29:03
