accuracy,precision,recall,f1_score,dataset,execution_time
0.7077367077367077,0.7779423868312757,0.7863560732113145,0.7821266032271411,apcd_permissions_limpo.csv,00:02:16
