accuracy,precision,recall,f1_score,dataset,execution_time
0.9840790004030633,0.9874839537869063,0.9871671478986205,0.9873255254291674,drebin215_limpo.csv,00:09:44
