accuracy,precision,recall,f1_score,dataset,execution_time
0.9400077911959486,0.5188284518828452,0.13290460878885316,0.21160409556313994,motodroid_intents.csv,00:35:40
