accuracy,precision,recall,f1_score,dataset,execution_time
0.9629268926113492,0.7776073619631901,0.5434083601286174,0.6397476340694006,motodroid_all.csv,02:02:53
