accuracy,precision,recall,f1_score,dataset,execution_time
0.9868116032830023,0.9443261332522057,0.9287851585876721,0.9364911751395384,androcrawl_limpo.csv,00:20:34
