accuracy,precision,recall,f1_score,dataset,execution_time
0.9621477730164913,0.7543604651162791,0.5562700964630225,0.6403454657618755,motodroid_api_calls.csv,01:39:30
