accuracy,precision,recall,f1_score,dataset,execution_time
0.7045177045177046,0.773618829682903,0.7875207986688852,0.7805079155672823,apcd_permissions_limpo.csv,00:03:03
