accuracy,precision,recall,f1_score,dataset,execution_time
0.7066267066267067,0.7774847535849678,0.7848585690515807,0.781154260163948,apcd_permissions_limpo.csv,00:03:41
