accuracy,precision,recall,f1_score,dataset,execution_time
0.9411764705882353,0.536,0.21543408360128619,0.3073394495412844,motodroid_intents.csv,00:00:43
