accuracy,precision,recall,f1_score,dataset,execution_time
0.7111777111777112,0.7954230235783634,0.7633943427620632,0.7790796400067923,apcd_permissions_limpo.csv,00:00:14
