accuracy,precision,recall,f1_score,dataset,execution_time
0.9624724061810155,0.7167277167277167,0.6291532690246516,0.6700913242009132,motodroid_api_calls.csv,00:02:29
