accuracy,precision,recall,f1_score,dataset,execution_time
0.7078477078477079,0.7648996235884568,0.8114808652246256,0.7875020184078799,apcd_permissions_limpo.csv,00:05:20
