accuracy,precision,recall,f1_score,dataset,execution_time
0.9576602618602279,0.5555555555555556,0.07905138339920949,0.1384083044982699,motodroid_api_calls.csv,00:17:08
