accuracy,precision,recall,f1_score,dataset,execution_time
0.9883779211828833,0.9664050235478807,0.9210053859964094,0.9431591849241613,androcrawl_limpo.csv,00:32:33
