accuracy,precision,recall,f1_score,dataset,execution_time
0.9406001224739743,0.7534516765285996,0.5148247978436657,0.611689351481185,motodroid_all.csv,00:56:12
