accuracy,precision,recall,f1_score,dataset,execution_time
0.9578464106844741,0.9557522123893806,0.9913606911447084,0.9732308507818711,drebin215_limpo.csv,00:02:28
