accuracy,precision,recall,f1_score,dataset,execution_time
0.9590984974958264,0.9582027168234065,0.990280777537797,0.9739776951672862,drebin215_limpo.csv,00:02:30
