accuracy,precision,recall,f1_score,dataset,execution_time
0.9576602618602279,0.5625,0.07114624505928854,0.12631578947368421,motodroid_api_calls.csv,00:14:21
