accuracy,precision,recall,f1_score,dataset,execution_time
0.707958707958708,0.7647704121611033,0.8119800332778702,0.7876684690501171,apcd_permissions_limpo.csv,00:05:32
