accuracy,precision,recall,f1_score,dataset,execution_time
0.939987752602572,0.745136186770428,0.5161725067385444,0.6098726114649681,motodroid_all.csv,01:03:08
