accuracy,precision,recall,f1_score,dataset,execution_time
0.8701123595505618,0.5307262569832403,0.31666666666666665,0.3966597077244259,motodroid_permissions.csv,00:15:13
