accuracy,precision,recall,f1_score,dataset,execution_time
0.9582637729549248,0.9704618689581096,0.9757019438444925,0.9730748519116856,drebin215_limpo.csv,00:02:27
