accuracy,precision,recall,f1_score,dataset,execution_time
0.7775831873905429,0.25,0.042735042735042736,0.072992700729927,motodroid_intents.csv,00:00:56
