accuracy,precision,recall,f1_score,dataset,execution_time
0.9574902227512327,0.5454545454545454,0.07114624505928854,0.1258741258741259,motodroid_api_calls.csv,00:22:14
