accuracy,precision,recall,f1_score,dataset,execution_time
0.939742804654011,0.751004016064257,0.5040431266846361,0.603225806451613,motodroid_all.csv,01:02:15
