accuracy,precision,recall,f1_score,dataset,execution_time
0.7086247086247086,0.7639993760723756,0.8149750415973378,0.7886643587472828,apcd_permissions_limpo.csv,00:04:31
