accuracy,precision,recall,f1_score,dataset,execution_time
0.7113997113997114,0.7662398500936914,0.8164725457570715,0.7905590462381182,apcd_permissions_limpo.csv,00:05:42
