accuracy,precision,recall,f1_score,dataset,execution_time
0.8696629213483146,0.5274725274725275,0.32,0.39834024896265563,motodroid_permissions.csv,00:12:43
