accuracy,precision,recall,f1_score,dataset,execution_time
0.9582637729549248,0.9694533762057878,0.9767818574514039,0.9731038192576654,drebin215_limpo.csv,00:02:25
