accuracy,precision,recall,f1_score,dataset,execution_time
0.708069708069708,0.7658904971680303,0.8099833610648919,0.787320071162866,apcd_permissions_limpo.csv,00:04:42
