accuracy,precision,recall,f1_score,dataset,execution_time
0.9883465948248856,0.969046114971573,0.9180131657690006,0.942839582052858,androcrawl_limpo.csv,00:29:49
