accuracy,precision,recall,f1_score,dataset,execution_time
0.7091797091797092,0.764595691539182,0.8149750415973378,0.7889819587628866,apcd_permissions_limpo.csv,00:05:15
