accuracy,precision,recall,f1_score,dataset,execution_time
0.9884405738988785,0.9646764613941857,0.9233991621783363,0.943586607552362,androcrawl_limpo.csv,00:32:37
