accuracy,precision,recall,f1_score,dataset,execution_time
0.7775831873905429,0.2222222222222222,0.03418803418803419,0.05925925925925927,motodroid_intents.csv,00:00:56
