accuracy,precision,recall,f1_score,dataset,execution_time
0.9607679465776294,0.9602094240837696,0.990280777537797,0.9750132908027644,drebin215_limpo.csv,00:02:26
