accuracy,precision,recall,f1_score,dataset,execution_time
0.9879706785289142,0.9627659574468085,0.9207061639736684,0.9412664423371061,androcrawl_limpo.csv,00:31:28
