accuracy,precision,recall,f1_score,dataset,execution_time
0.7810858143607706,0.3,0.05128205128205128,0.08759124087591241,motodroid_intents.csv,00:00:58
