accuracy,precision,recall,f1_score,dataset,execution_time
0.957830300969223,0.5714285714285714,0.07905138339920949,0.1388888888888889,motodroid_api_calls.csv,00:20:18
