accuracy,precision,recall,f1_score,dataset,execution_time
0.987908025812919,0.9653652392947103,0.9174147217235189,0.9407793801779687,androcrawl_limpo.csv,00:32:44
