accuracy,precision,recall,f1_score,dataset,execution_time
0.9574902227512327,0.5517241379310345,0.06324110671936758,0.11347517730496452,motodroid_api_calls.csv,00:21:15
