accuracy,precision,recall,f1_score,dataset,execution_time
0.7810858143607706,0.2777777777777778,0.042735042735042736,0.07407407407407407,motodroid_intents.csv,00:01:00
