accuracy,precision,recall,f1_score,dataset,execution_time
0.9582637729549248,0.957680250783699,0.9897408207343412,0.9734466277217205,drebin215_limpo.csv,00:02:17
