accuracy,precision,recall,f1_score,dataset,execution_time
0.9590984974958264,0.9704935622317596,0.9767818574514039,0.9736275565123789,drebin215_limpo.csv,00:02:25
