accuracy,precision,recall,f1_score,dataset,execution_time
0.9410900183710962,0.7553816046966731,0.5202156334231806,0.6161213088587391,motodroid_all.csv,01:00:48
