accuracy,precision,recall,f1_score,dataset,execution_time
0.9599332220367279,0.9587251828631139,0.9908207343412527,0.9745087626128518,drebin215_limpo.csv,00:02:27
