accuracy,precision,recall,f1_score,dataset,execution_time
0.9576602618602279,0.5526315789473685,0.08300395256916997,0.14432989690721654,motodroid_api_calls.csv,00:19:24
