accuracy,precision,recall,f1_score,dataset,execution_time
0.7105117105117105,0.7652838427947598,0.8164725457570715,0.790049911447432,apcd_permissions_limpo.csv,00:04:57
