accuracy,precision,recall,f1_score,dataset,execution_time
0.9578464106844741,0.9714593430263866,0.9740820734341252,0.9727689404152062,drebin215_limpo.csv,00:02:29
