accuracy,precision,recall,f1_score,dataset,execution_time
0.9884405738988785,0.9655496398371437,0.9225014961101137,0.9435348125478193,androcrawl_limpo.csv,00:33:11
