accuracy,precision,recall,f1_score,dataset,execution_time
0.7098457098457098,0.7648985959438378,0.8158069883527455,0.7895330112721418,apcd_permissions_limpo.csv,00:04:41
