accuracy,precision,recall,f1_score,dataset,execution_time
0.7828371278458844,0.3157894736842105,0.05128205128205128,0.08823529411764706,motodroid_intents.csv,00:00:54
