accuracy,precision,recall,f1_score,dataset,execution_time
0.958000340078218,0.5789473684210527,0.08695652173913043,0.15120274914089346,motodroid_api_calls.csv,00:20:56
