accuracy,precision,recall,f1_score,dataset,execution_time
0.9880020048869118,0.9636477593230962,0.9201077199281867,0.9413745599265269,androcrawl_limpo.csv,00:30:42
