accuracy,precision,recall,f1_score,dataset,execution_time
0.7075147075147075,0.7647889533971443,0.810981697171381,0.787208269401599,apcd_permissions_limpo.csv,00:05:20
