accuracy,precision,recall,f1_score,dataset,execution_time
0.9882839421088904,0.9669603524229075,0.9195092758827049,0.942638036809816,androcrawl_limpo.csv,00:31:54
