accuracy,precision,recall,f1_score,dataset,execution_time
0.9883779211828833,0.9672853098458635,0.9201077199281867,0.9431068854470174,androcrawl_limpo.csv,00:31:58
