accuracy,precision,recall,f1_score,dataset,execution_time
0.9887851638368523,0.9616336633663366,0.9299820466786356,0.945543048372376,androcrawl_limpo.csv,00:01:58
