accuracy,precision,recall,f1_score,dataset,execution_time
0.9877065699314792,0.9872448979591837,0.9932627526467758,0.9902446825523749,drebin215_limpo.csv,00:02:00
