accuracy,precision,recall,f1_score,dataset,execution_time
0.9624074795481107,0.8010204081632653,0.5048231511254019,0.6193293885601577,motodroid_all.csv,02:01:49
