accuracy,precision,recall,f1_score,dataset,execution_time
0.7042957042957043,0.7737238219895288,0.7868552412645591,0.7802342847714898,apcd_permissions_limpo.csv,00:02:05
