accuracy,precision,recall,f1_score,dataset,execution_time
0.9639007921049214,0.7959183673469388,0.5434083601286174,0.645859872611465,motodroid_all.csv,03:15:37
