accuracy,precision,recall,f1_score,dataset,execution_time
0.9868742559989976,0.9484504449217551,0.9248952722920407,0.9365247689743977,androcrawl_limpo.csv,00:20:54
