accuracy,precision,recall,f1_score,dataset,execution_time
0.7056277056277056,0.7789963443004321,0.7800332778702163,0.7795144662454273,apcd_permissions_limpo.csv,00:01:08
