accuracy,precision,recall,f1_score,dataset,execution_time
0.9624074795481107,0.7528571428571429,0.564844587352626,0.6454378444580527,motodroid_api_calls.csv,00:58:23
