accuracy,precision,recall,f1_score,dataset,execution_time
0.9620828463835865,0.7503586800573888,0.5605573419078242,0.641717791411043,motodroid_api_calls.csv,01:23:09
