accuracy,precision,recall,f1_score,dataset,execution_time
0.9832728738411931,0.9868421052631579,0.9865255052935515,0.9866837798812771,drebin215_limpo.csv,00:07:43
