accuracy,precision,recall,f1_score,dataset,execution_time
0.9874381304429547,0.9495567104860899,0.9293836026331538,0.9393618629971269,androcrawl_limpo.csv,00:11:42
