accuracy,precision,recall,f1_score,dataset,execution_time
0.9874068040849571,0.9487179487179487,0.9299820466786356,0.9392565729827742,androcrawl_limpo.csv,00:16:52
