accuracy,precision,recall,f1_score,dataset,execution_time
0.9863103815550404,0.9298609055933709,0.9401555954518253,0.9349799137033179,androcrawl_limpo.csv,00:25:04
