accuracy,precision,recall,f1_score,dataset,execution_time
0.9860943168077388,0.9887748556767159,0.9890920757138274,0.9889334402566158,drebin215_limpo.csv,00:06:28
