accuracy,precision,recall,f1_score,dataset,execution_time
0.9865296660610238,0.9401451027811366,0.9305804907241173,0.9353383458646617,androcrawl_limpo.csv,00:15:27
