accuracy,precision,recall,f1_score,dataset,execution_time
0.9800483675937122,0.9839640795381654,0.9842797561758101,0.984121892542101,drebin215_limpo.csv,00:18:12
