accuracy,precision,recall,f1_score,dataset,execution_time
0.9630567458771588,0.784375,0.5380493033226152,0.6382708200890019,motodroid_all.csv,02:09:55
