accuracy,precision,recall,f1_score,dataset,execution_time
0.7075147075147075,0.7779607972327458,0.7858569051580698,0.7818889164804238,apcd_permissions_limpo.csv,00:04:48
